{"cameraMode":{"drawMode":0,"name":"Shaded","section":"Shading Mode"},"sceneLighting":false,"audioPlay":false,"sceneViewState":{"showFog":true,"showMaterialUpdate":true,"showSkybox":true,"showFlares":true,"showImageEffects":true,"showParticleSystems":true},"in2DMode":false,"pivot":{"x":2.6700000762939455,"y":2.6233277320861818,"z":20.57955551147461},"rotation":{"x":0.1545843780040741,"y":-0.17795920372009278,"z":0.028326746076345445,"w":0.97142094373703},"size":30.8123722076416,"orthographic":false}